위반장소명,count
 신암동 681-6 ,1
 신암동 708-71 ,1
 신암동 81-1 ,1
대구광역시 신암동 593-15,12
대구 동구 동부로26길 5,1004
101.88,1
103.47,1
104.81,1
104.86,1
105.52,1
106.17,1
106.18,1
107.4,1
110.06,1
111.8,1
288.13,1
290.08,1
97.55,1
대구광역시 동구 입석동 1033-1,91
각산동 1023 ,1
각산동 1026-4 ,2
각산동 1029 ,9
각산동 1029-1 ,1
각산동 1030 ,10
각산동 1032-2 ,2
각산동 1032-3 ,15
각산동 1033 ,14
각산동 1033-3 ,13
각산동 1034 ,28
각산동 1034-1 ,6
각산동 1035 ,1
각산동 1035-1 ,3
각산동 1035-2 ,4
각산동 1035-3 ,8
각산동 1035-4 ,2
각산동 1035-5 ,3
각산동 1035-6 ,4
각산동 1035-8 ,2
각산동 1043 ,1
각산동 1043-1 ,15
각산동 1045-3 ,3
각산동 1049 ,4
각산동 1049-2 ,2
각산동 1053 ,2
각산동 1054-1 ,12
각산동 1055-5 ,3
각산동 1056-9 ,1
각산동 1058 ,14
각산동 1059 ,1
각산동 1061 ,2
각산동 1063 ,2
각산동 1066-2 ,8
각산동 1067-5 ,1
각산동 1068-1 ,8
각산동 1069 ,4
각산동 1069-3 ,2
각산동 1072 ,3
각산동 1072-5 ,12
각산동 1073 ,3
각산동 1073-2 ,2
각산동 1074 ,1
각산동 1074-4 ,6
각산동 1074-8 ,3
각산동 1075-17 ,2
각산동 1077 ,3
각산동 1080 ,4
각산동 1080-2 ,44
각산동 1080-25 ,1
각산동 1080-3 ,73
각산동 1080-4 ,13
각산동 1080-5 ,43
각산동 1080-6 ,5
각산동 1081 ,18
각산동 1081-1 ,30
각산동 1081-4 ,1
각산동 1082 ,8
각산동 1082-1 ,2
각산동 1082-2 ,12
각산동 1087 ,1
각산동 1088 ,1
각산동 1090-2 ,1
각산동 1096-1 ,4
각산동 1097 ,3
각산동 1098-8 ,1
각산동 1105-9 ,2
각산동 1108 ,1
각산동 1109 ,1
각산동 1115 ,1
각산동 1120 ,1
각산동 1135 ,1
각산동 1136 ,18
각산동 1138 ,3
각산동 1141 ,1
각산동 1142 ,7
각산동 1143,2
각산동 1143 ,23
각산동 1146 ,5
각산동 1149 ,3
각산동 1150 ,8
각산동 1151 ,17
각산동 1152 ,1
각산동 1164 ,1
각산동 1168 ,6
각산동 1169 ,2
각산동 1172 ,1
각산동 1173-1 ,1
각산동 1175 ,20
각산동 1176 ,2
각산동 199-2,8
각산동 199-2 ,9
각산동 226-13 ,2
각산동 226-14 ,2
각산동 226-15 ,3
각산동 227-1 ,1
각산동 233-3 ,9
각산동 233-9 ,1
각산동 234-4 ,1
각산동 292-13 ,9
각산동 293-1 ,2
각산동 293-10 ,6
각산동 293-3 ,2
각산동 298-12 ,1
각산동 300-10 ,1
각산동 368-16 ,1
각산동 369-1 ,4
각산동 369-5 ,1
각산동 370-24 ,1
각산동 374-1 ,1
각산동 374-31 ,1
각산동 375-3 ,1
각산동 379-12 ,11
각산동 382,1
각산동 383-1 ,1
각산동 383-14 ,3
각산동 383-20 ,1
각산동 388-1 ,5
각산동 443-8 ,1
각산동 443-9 ,1
각산동 444-11 ,2
각산동 446,9
각산동 446 ,20
각산동 521-2 ,2
각산동 922-2 ,2
각산동 929-3 ,1
각산동 932-6 ,1
각산동 954-10 ,1
각산동 954-2 ,1
각산동 960-31 ,1
각산동 안심로 363,1
강동초등학교,18
검사동  960-26,1
검사동 1000-21 ,1
검사동 1000-32 ,1
검사동 1005-4 ,2
검사동 1012-9 ,6
검사동 1015-116 ,1
검사동 1015-3 ,1
검사동 1015-4 ,2
검사동 1016 ,1
검사동 1019-17 ,2
검사동 1024-17 ,2
검사동 1024-28 ,2
검사동 1024-29 ,1
검사동 1027-19 ,1
검사동 1027-20 ,1
검사동 1042-2,1
검사동 1111 ,3
검사동 754-4 ,2
검사동 754-5 ,40
검사동 754-7 ,3
검사동 756-245 ,1
검사동 756-248 ,1
검사동 756-322 ,1
검사동 756-378 ,2
검사동 756-380 ,2
검사동 756-381 ,25
검사동 756-385 ,1
검사동 756-400 ,4
검사동 756-414 ,2
검사동 756-415 ,2
검사동 756-416 ,2
검사동 756-425 ,1
검사동 756-429 ,3
검사동 756-431 ,1
검사동 756-432 ,3
검사동 756-442 ,2
검사동 756-444 ,10
검사동 756-445 ,11
검사동 756-446 ,15
검사동 756-447 ,8
검사동 756-448 ,1
검사동 756-449 ,2
검사동 756-450 ,7
검사동 756-458 ,6
검사동 756-459 ,1
검사동 756-469 ,5
검사동 907-10 ,4
검사동 907-62 ,1
검사동 907-8 ,3
검사동 907-9 ,48
검사동 908-5 ,1
검사동 908-86 ,2
검사동 908-98 ,1
검사동 908-99 ,2
검사동 938-11 ,1
검사동 944-31 ,2
검사동 944-33 ,1
검사동 944-5 ,1
검사동 948-3 ,2
검사동 957-17 ,32
검사동 957-19 ,1
검사동 957-30 ,4
검사동 957-32 ,2
검사동 957-41 ,3
검사동 957-44 ,3
검사동 960-10 ,2
검사동 960-161 ,2
검사동 960-164 ,5
검사동 960-166 ,1
검사동 960-39 ,1
검사동 960-4,7
검사동 960-53 ,1
검사동 960-58,1
검사동 960-58 ,10
검사동 960-64 ,3
검사동 963-4 ,2
검사동 970-7 ,5
검사동 970-8 ,1
검사동 971-10 ,2
검사동 971-22 ,2
검사동 984-14 ,1
검사동 984-15 ,3
검사동 984-17 ,1
검사동 984-34 ,1
검사동 984-36 ,1
검사동 984-37 ,4
검사동 984-42 ,2
검사동 984-5,1
검사동 984-6 ,3
검사동 985-4 ,5
검사동 985-6 ,1
검사동 986-12 ,1
검사동 986-20 ,1
검사동 990-167,3
검사동 990-198 ,1
검사동 990-199 ,3
검사동 990-202 ,2
검사동 990-27,5
검사동 990-31 ,1
검사동 990-39 ,2
검사동 990-4 ,1
검사동 990-42 ,1
검사동 990-6 ,6
검사동 990-77 ,1
검사동 990-9 ,1
검사동 991-103 ,2
검사동 991-108 ,27
검사동 991-110 ,1
검사동 991-26 ,5
검사동 991-39 ,1
검사동 994-23 ,1
검사동 동촌로 127,1
검사동 동촌로 137,3
검사동 동촌로 146,4
검사동 동촌로14길 14,1
검사동 동촌로6길 36-1,2
검사동 해동로 155,3
검사동 해동로 174,1
검사동 해동로 197,7
검사동 해동로 198-1,4
검사동 해동로 219,5
검사동 해동로 232,3
경대로,1
경북수협 ,25
경북일보 ,5
경안로,15
경안로 810,1
경안로 820,1
경안로 822,12
경안로 824,1
공산초등학교,54
대구광역시 신암동 593-15,705
공항로,33
공항로45길,15
공항로47길,115
공항로49길,2
공항로50길,1
공항로52길,1
공항로54길,9
과학로,1
괴전동 108-2 ,2
괴전동 108-3 ,3
괴전동 109-2 ,1
괴전동 110 ,2
괴전동 111-1 ,4
괴전동 112-2 ,2
괴전동 117-3 ,1
괴전동 117-31 ,4
괴전동 117-32 ,1
괴전동 119-3 ,6
괴전동 123-4 ,2
괴전동 133-4 ,1
괴전동 133-5 ,23
괴전동 144-3 ,1
괴전동 146 ,9
괴전동 149 ,1
괴전동 151-1,1
괴전동 151-3 ,2
괴전동 160-2 ,2
괴전동 160-7 ,1
괴전동 161-2 ,2
괴전동 167-2 ,1
괴전동 169 ,2
괴전동 177-31,2
괴전동 189-3 ,1
괴전동 196-3 ,1
괴전동 197 ,2
괴전동 200-5 ,7
괴전동 210-14 ,1
괴전동 217-7 ,2
괴전동 294-25 ,1
괴전동 482-6 ,1
괴전동 483-10 ,1
괴전동 485-1 ,1
괴전동 490-14 ,1
괴전동 525-13 ,1
괴전동 536-69 ,3
괴전동 536-75 ,3
괴전동 536-92 ,1
괴전동 545-20 ,1
괴전동 545-44 ,1
괴전동 545-47 ,7
괴전동 546-1 ,2
괴전동 546-2 ,1
괴전동 552-11 ,1
괴전동 654 ,1
괴전동 657 ,2
괴전동 안심로 455,1
구 중앙고속,1877
국채보상로,1
국채보상로171길,33
금강동 403-2,1
금강동 406-2 ,1
금강동 413-2,1
금강동 413-2 ,5
금강동 56,1
금강로,243
금강로 403-2,1
금강로21길,1
금호강변로,15
금호강변로3길,96
금호강자전거2길,9
금호강자전거길,1
노비아갈라웨딩,929
노비아갈라웨딩,443
능성동 299-1,1
대구공항,250
대구공항,113
대구공항,203
대구공항,246
대구은행 강촌지점,333
대구은행 강촌지점 ,67
대구은행 동구청지점 ,166
대구은행동구청지점,144
대구은행신천4 ,276
대구은행신천4동 ,544
대림동 884 ,1
대림동 886-2 ,1
대림동 886-7 ,2
대림동 887 ,1
대림동 887-1 ,1
대림동 888-2 ,1
대림동 888-4 ,39
대림동 889 ,2
대림동 890-2 ,21
대림동 890-4 ,4
대림동 890-6 ,2
대림동 892-4 ,2
대림동 893 ,10
대림동 895 ,18
대림동 896 ,150
대림동 897 ,5
대림동 898 ,3
대현남로8길,2
대현동 536,1
대현로,28
더센트로데시앙,224
덕곡동 184-1 ,2
덕성초등학교,1074
덕성초등학교 ,17
도동 3-22 ,3
도동 471 ,1
도동 802-4 ,1
도동 89-2 ,2
도동 9-17 ,2
도동 978-111 ,1
도동 978-22 ,3
도동 978-23 ,4
도동 978-241 ,1
도동 978-284 ,1
도동 978-42 ,1
도동 978-57 ,1
도동 978-62 ,2
도동 978-63 ,1
도동 978-92 ,2
도평로,62
동구시장,100
동구시장 북편,80
동구청역 ,1
동내동 1112 ,1
동내동 1115 ,1
동내동 1115-1 ,5
동내동 1115-3 ,1
동내동 1118-4 ,1
동내동 1119 ,1
동내동 1119-3 ,1
동내동 112-1 ,1
동내동 1120 ,13
동내동 1121 ,3
동내동 1121-1 ,10
동내동 1121-3 ,3
동내동 1124 ,1
동내동 1129 ,1
동내동 1132 ,2
동내동 1140 ,1
동대구로,645
동대구로 체육공원,75
동대구로83길,134
동대구로85길,402
동대구로99길,64
동대구역,42
동대구역,6
동대구역,7
동대구역,6
동대구역,2
동대구역,1
동대구역,111
동대구역,17
동대구역,299
동대구역,145
동대구역,2
동대구역,173
동대구역,2
동대구역,233
동대구역,132
동대구역,14
동대구역,73
동대구초등학교,109
동부로,319
동부로 26,1
동부로15길,106
동부로16길,2
동부로19길,1
동부로21길,15
동부로22길,365
동부로24길,25
동부로26길,867
동부로28길,31
동부로30길,860
동부로32길,110
동부로3길,7
동부로5길,5
동부로6길,3
동부소방서 ,23
동부초등학교,17
동부초등학교 ,1
동북로,24
동북로 460,2
동북로72길,7
동신새마을금고,123
동신초등학교,117
동신초등학교 ,1
동촌농협 방촌지점 ,64
동촌로,53
동촌로10길,1
동촌로11길,1
동촌로16길,44
동촌로25길,17
동촌로41길,1
동촌로42길,1
동촌로54길,99
동촌로54길 13,10
동촌로56길,12
동촌로58길,25
동촌역사로,29
동촌역사로2길,26
동촌역사로3길,4
동촌역사로4길,1
동촌초등학교,24
동호동 106-25 ,1
동호동 106-34,1
동호동 106-34 ,4
동호동 106-5 ,1
동호동 106-59 ,4
동호동 106-73 ,1
동호동 106-84 ,1
동호동 109-17,1
동호동 118-13,7
동호동 118-2 ,1
동호동 153 ,1
동호동 205-13 ,1
동호동 206-3,5
동호동 207-8,1
동호동 292-13 ,3
동호동 351-3 ,32
동호동 352-5 ,1
동호동 353-1 ,3
동호동 353-2 ,3
동호동 354 ,14
동호동 357 ,1
동호동 362 ,1
동호동 365 ,1
동호동 366-4 ,2
동호동 367-1 ,12
동호동 367-5 ,11
동호동 367-7 ,2
동호동 367-9 ,4
동호동 368-5 ,1
동호동 368-6 ,1
동호동 369 ,6
동호동 372 ,8
동호동 374 ,5
동호동 375-1 ,3
동호동 375-4 ,2
동호동 376-1 ,30
동호동 377-9 ,2
동호동 381-1 ,9
동호동 387 ,1
동호동 388,10
동호동 393,7
동호동 395-14 ,64
동호동 395-3,7
동호동 43-1 ,1
동호동 43-3 ,1
동호동 97-3 ,4
동호동 97-4,4
동호동 경안로 754,25
동호동 금강로 12,8
동호동 반야월로 223,2
동호동 안심로 363,3
동호동375-1,1
동호로,102
동호로11길,1
동호로3길,2
동호로5길,2
동호초등학교,35
동화천로,1
둔산동 359 ,1
둔산로,3
디어반오피스텔,26
디어반오피스텔 ,64
롯데아울렛,20
메리어트,1748
미곡동 193-2 ,1
미곡동 196-9,3
미곡동 616-1,1
미곡동 636-2,1
미대동 747-1,4
미대동 769-1,1
미대동 팔공로 809,8
반야월 초등학교 ,40
반야월로,141
반야월로 ,4
반야월로26길,1
반야월로34길,1
반야월북로,224
반야월북로 221,1
반야월북로 251,1
반야월초등학교 ,9
방천로,125
방천로1길,3
방천로6길,1
방촌동 100-29 ,1
방촌동 1002-11 ,1
방촌동 1002-6 ,1
방촌동 1006-3 ,1
방촌동 1010-45 ,1
방촌동 1015-26 ,1
방촌동 1015-27 ,1
방촌동 1015-3 ,4
방촌동 1015-4 ,8
방촌동 1015-79 ,3
방촌동 1044-97 ,1
방촌동 1045-2 ,2
방촌동 1047 ,6
방촌동 1048-646 ,2
방촌동 1050-100 ,1
방촌동 1050-71 ,1
방촌동 1050-93 ,2
방촌동 1051-2 ,5
방촌동 1058 ,1
방촌동 1063-2 ,5
방촌동 1063-24 ,1
방촌동 1063-5 ,2
방촌동 1065-3 ,1
방촌동 1067-10 ,2
방촌동 1072-24 ,2
방촌동 1072-44 ,1
방촌동 1072-45 ,46
방촌동 1072-56 ,2
방촌동 1072-57 ,4
방촌동 1074-2 ,1
방촌동 1084-201 ,2
방촌동 1084-207 ,2
방촌동 1084-214 ,10
방촌동 1084-272,3
방촌동 1084-272 ,4
방촌동 1084-287 ,8
방촌동 1084-30 ,1
방촌동 1084-504 ,2
방촌동 1084-505 ,47
방촌동 1084-506 ,2
방촌동 1084-507 ,30
방촌동 1084-60 ,10
방촌동 1084-624 ,12
방촌동 1084-646 ,46
방촌동 1084-663 ,10
방촌동 1084-666 ,5
방촌동 1084-667 ,4
방촌동 1084-668 ,6
방촌동 1084-694 ,1
방촌동 1084-7 ,1
방촌동 1084-700 ,1
방촌동 1084-716 ,3
방촌동 1084-725 ,1
방촌동 1084-743,1
방촌동 1084-743 ,4
방촌동 1084-761 ,15
방촌동 1084-77 ,3
방촌동 1084-94 ,1
방촌동 1084-96 ,2
방촌동 1088-2 ,1
방촌동 1089-2 ,9
방촌동 1090-1 ,6
방촌동 1090-9 ,1
방촌동 1093-8 ,28
방촌동 1094-2 ,4
방촌동 1094-3 ,166
방촌동 1096-17 ,9
방촌동 1096-21 ,1
방촌동 1103-2 ,8
방촌동 1103-5 ,4
방촌동 1113 ,2
방촌동 1113-117 ,13
방촌동 1113-118 ,5
방촌동 1113-128 ,2
방촌동 1113-137 ,3
방촌동 1113-145 ,1
방촌동 1113-23 ,2
방촌동 1113-26 ,23
방촌동 1113-27 ,18
방촌동 1113-321 ,3
방촌동 1114-1 ,1
방촌동 1117-2 ,9
방촌동 1118-10,2
방촌동 1118-106,1
방촌동 1118-107 ,3
방촌동 1118-110 ,2
방촌동 1118-120 ,1
방촌동 1119-1 ,2
방촌동 1119-100 ,2
방촌동 1119-108 ,6
방촌동 1119-109 ,9
방촌동 1119-117 ,1
방촌동 1119-129 ,1
방촌동 1119-130,1
방촌동 1119-130 ,3
방촌동 1119-28 ,2
방촌동 1119-35 ,22
방촌동 1119-41 ,1
방촌동 1119-5 ,9
방촌동 1119-54 ,1
방촌동 1120-17 ,1
방촌동 1120-39,1
방촌동 1120-39 ,14
방촌동 1120-45 ,1
방촌동 1120-60 ,1
방촌동 1120-73 ,30
방촌동 1120-77 ,1
방촌동 1139-1 ,3
방촌동 1139-65 ,3
방촌동 1150 ,2
방촌동 1152 ,5
방촌동 1153,68
방촌동 1153 ,34
방촌동 756-349 ,1
방촌동 813-10 ,34
방촌동 813-32 ,1
방촌동 813-4 ,11
방촌동 813-42 ,79
방촌동 813-48 ,1
방촌동 813-50 ,1
방촌동 813-53 ,4
방촌동 813-55 ,1
방촌동 818-3 ,5
방촌동 822-12 ,5
방촌동 822-2 ,1
방촌동 822-4 ,2
방촌동 822-5 ,14
방촌동 851-11 ,4
방촌동 851-12 ,4
방촌동 851-4 ,2
방촌동 852-16 ,4
방촌동 852-58 ,1
방촌동 852-6 ,3
방촌동 855--71 ,1
방촌동 855-12 ,3
방촌동 855-15 ,136
방촌동 855-34 ,3
방촌동 855-35 ,14
방촌동 855-36 ,2
방촌동 855-37 ,3
방촌동 855-5 ,2
방촌동 855-59 ,1
방촌동 855-6 ,15
방촌동 855-71 ,2
방촌동 857-117 ,1
방촌동 857-122 ,1
방촌동 857-123 ,2
방촌동 857-127,3
방촌동 857-18 ,1
방촌동 857-19 ,1
방촌동 857-220 ,5
방촌동 857-223 ,2
방촌동 857-23 ,1
방촌동 857-27,3
방촌동 857-28 ,14
방촌동 857-40 ,1
방촌동 857-90 ,4
방촌동 857-91 ,1
방촌동 858-22 ,1
방촌동 859-2 ,1
방촌동 860-14 ,7
방촌동 860-16 ,77
방촌동 860-17 ,9
방촌동 860-18 ,14
방촌동 860-19 ,1
방촌동 860-3 ,10
방촌동 861-117 ,1
방촌동 862-30 ,14
방촌동 862-31 ,1
방촌동 862-32 ,66
방촌동 862-43 ,1
방촌동 862-45 ,10
방촌동 862-46 ,13
방촌동 862-58 ,5
방촌동 863-10 ,5
방촌동 863-13 ,2
방촌동 863-2 ,1
방촌동 863-27 ,3
방촌동 863-34 ,2
방촌동 863-62 ,2
방촌동 863-63 ,2
방촌동 867-1 ,1
방촌동 867-7 ,52
방촌동 867-7- ,1
방촌동 868-16 ,29
방촌동 868-2,1
방촌동 868-2 ,9
방촌동 871-17 ,2
방촌동 871-20 ,1
방촌동 871-23 ,1
방촌동 871-25 ,2
방촌동 871-27 ,2
방촌동 874-1,3
방촌동 876-1 ,2
방촌동 881-3 ,1
방촌동 881-5 ,1
방촌동 883-12 ,8
방촌동 883-14 ,4
방촌동 883-16 ,5
방촌동 883-17 ,5
방촌동 883-5 ,1
방촌동 887-11,3
방촌동 890-15 ,1
방촌동 890-54 ,2
방촌동 890-6 ,5
방촌동 890-62 ,7
방촌동 890-63 ,10
방촌동 890-64 ,5
방촌동 897-2 ,1
방촌동 897-7 ,7
방촌동 897-8 ,7
방촌동 902-13 ,2
방촌동 902-18 ,6
방촌동 902-23 ,63
방촌동 902-24 ,1
방촌동 902-32 ,37
방촌동 902-7 ,128
방촌동 907-15 ,2
방촌동 907-20 ,1
방촌동 907-23 ,1
방촌동 911-5 ,2
방촌동 911-7 ,1
방촌동 913-8 ,1
방촌동 914-13 ,3
방촌동 921-10 ,4
방촌동 925-106 ,7
방촌동 940-12 ,2
방촌동 957-17 ,1
방촌동 960-58 ,1
방촌동 984 ,12
방촌동 984-11 ,2
방촌동 984-12 ,21
방촌동 988-89 ,6
방촌동 993-18 ,4
방촌동 997-1,12
방촌동 동촌로 195,1
방촌동 동촌로 213,22
방촌동 동촌로 222,4
방촌동 동촌로 241,1
방촌동 동촌로 263-3,2
방촌동 동촌로 275,29
방촌동 동촌로45길 5,1
방촌동 동촌로46길 2,17
방촌동 둔산로 5-4,2
방촌동 해동로 270-5,1
방촌동 호반길 1-3,2
방촌동 화랑로75길 65-10,8
방촌동 화랑로75길 72-1,14
방촌동 화랑로80길 9,1
방촌동 화랑로91길 7,1
방촌로,28
방촌시장,74
방촌역 태왕아너스아파트,123
방촌역태왕아너스아파트,119
방촌천다리,712
방촌초등학교,168
백안동 176,2
백안동 562-1 ,3
백안동 562-2 ,2
백안동 563-1 ,15
백안동 563-2 ,1
백안동 568-2 ,2
백안동 649 ,1
백안동 656-8 ,1
백안동 808,1
백안동 팔공로207길 27,1
범안로,31
범어동 국채보상로 860,1
복합환승센터 ,85
봉무동 1035-6 ,1
봉무동 11583 ,1
봉무동 1520 ,1
봉무동 1522 ,2
봉무동 1523,2
봉무동 1524 ,46
봉무동 1526 ,4
봉무동 1527 ,1
봉무동 1536 ,1
봉무동 1537 ,1
봉무동 1539 ,3
봉무동 1539-11 ,1
봉무동 1539-15 ,1
봉무동 1539-17 ,10
봉무동 1539-3 ,17
봉무동 1539-4 ,1
봉무동 1539-8 ,9
봉무동 1539-9 ,21
봉무동 1540 ,2
봉무동 1542 ,127
봉무동 1542-1 ,5
봉무동 1542-2 ,4
봉무동 1542-3 ,10
봉무동 1542-4 ,3
봉무동 1542-5 ,17
봉무동 1542-6 ,2
봉무동 1542-7 ,2
봉무동 1542-8 ,39
봉무동 1542-9 ,1
봉무동 1543 ,2
봉무동 1543+-1 ,2
봉무동 1543-1,1
봉무동 1543-1 ,189
봉무동 1543-3 ,51
봉무동 1543-4 ,21
봉무동 1543-5 ,3
봉무동 1543-6 ,3
봉무동 15435-1 ,2
봉무동 1544 ,7
봉무동 1545 ,3
봉무동 1546-1 ,5
봉무동 1546-3 ,1
봉무동 1548-1 ,6
봉무동 1548-10 ,2
봉무동 1548-2 ,12
봉무동 1548-4 ,8
봉무동 1548-8 ,1
봉무동 1549 ,7
봉무동 1549-2 ,1
봉무동 1549-3 ,6
봉무동 1549-5 ,5
봉무동 1550 ,1
봉무동 1551 ,9
봉무동 1551-1 ,1
봉무동 1551-2 ,13
봉무동 1551-3 ,3
봉무동 1551-4 ,1
봉무동 1552 ,1
봉무동 1553 ,6
봉무동 1553-2 ,1
봉무동 1558 ,2
봉무동 1560-1 ,3
봉무동 1561 ,5
봉무동 1561-1 ,2
봉무동 1561-2 ,1
봉무동 1561-4 ,19
봉무동 1562-2 ,3
봉무동 1562-5 ,11
봉무동 1563-2 ,1
봉무동 1563-3 ,4
봉무동 1563-4 ,1
봉무동 1564 ,8
봉무동 1564-3 ,1
봉무동 1564-4 ,2
봉무동 1564-5 ,1
봉무동 1564-6 ,5
봉무동 1564-7 ,1
봉무동 1565-3 ,2
봉무동 1565-6 ,1
봉무동 1571 ,1
봉무동 1580,2
봉무동 1581 ,4
봉무동 1583,9
봉무동 1583 ,24
봉무동 1586 ,3
봉무동 1589 ,6
봉무동 1590 ,3
봉무동 1591,360
봉무동 1591 ,9
봉무동 1592 ,2
봉무동 1593,10
봉무동 1594 ,5
봉무동 1595,94
봉무동 1595 ,68
봉무동 1597,6
봉무동 1597 ,7
봉무동 1598 ,6
봉무동 1599 ,3
봉무동 1600 ,15
봉무동 1602 ,2
봉무동 1603 ,28
봉무동 1609,26
봉무동 1609 ,4
봉무동 1611,5
봉무동 1615 ,2
봉무동 1624 ,15
봉무동 1626,6
봉무동 1627,1
봉무동 256-1 ,1
봉무동 941 ,1
봉무동 산 39-1,1
봉무동 산 39-1 ,1
봉무동 위남로 62,1
봉무동 팔공로 222,21
봉무동 팔공로 227,2
봉무동 팔공로 241,72
봉무동 팔공로 259,24
봉무동 팔공로 260,6
봉무동 팔공로 357,1
봉무동 팔공로51길 10,35
봉무동 팔공로51길 3,60
봉무동 팔공로53길 30,1
봉무지하도로,11
봉무초등학교,253
부동 500-2 ,1
부동 500-4 ,1
부동 670-5 ,1
불로 서한아파트 ,22
불로동 1005-1 ,1
불로동 1010 ,49
불로동 1017 ,1
불로동 1022-2 ,1
불로동 1107 ,1
불로동 1107-1 ,1
불로동 1107-84 ,8
불로동 1107-98 ,2
불로동 1149 ,1
불로동 1149-11 ,1
불로동 1158-1 ,1
불로동 1170 ,2
불로동 1173 ,1
불로동 1189 ,1
불로동 1193 ,1
불로동 1199 ,1
불로동 1200 ,1
불로동 30-10 ,3
불로동 30-12 ,2
불로동 30-25 ,11
불로동 31-22 ,1
불로동 31-7 ,3
불로동 323-2 ,2
불로동 364-3 ,4
불로동 365-3 ,1
불로동 365-7 ,1
불로동 382-10 ,1
불로동 382-19 ,1
불로동 389-1 ,1
불로동 389-8 ,2
불로동 395-1 ,6
불로동 400 ,1
불로동 434 ,1
불로동 443-1 ,8
불로동 450 ,1
불로동 483-5 ,3
불로동 631-2 ,2
불로동 631-5,52
불로동 631-5 ,1
불로동 639-7,9
불로동 643,1
불로동 725-2 ,1
불로동 731-2 ,1
불로동 751-4 ,4
불로동 955-11 ,1
불로동 955-15 ,1
불로동 955-18 ,33
불로동 955-2 ,2
불로동 955-7 ,16
불로동 962 ,1
불로동 962-1,3
불로동 962-1 ,1
불로동 965-1 ,2
불로동 965-10 ,3
불로동 968-7 ,1
불로동 969-2 ,1
불로동 972-10 ,6
불로동 972-11 ,11
불로동 972-17 ,10
불로동 977-10 ,1
불로동 984-2 ,2
불로동 997-10 ,26
불로동 997-3 ,6
불로동 팔공로 23-2,1
불로동고분군 ,79
불로동고분군,113
불로천자전거길,2
불로초등학교,37
사복동 836 ,1
사복동 840-4 ,1
사복동 840-5 ,1
사복동 841 ,2
사복동 841-1 ,3
사복동 843-3 ,1
사복동 843-4 ,1
사복동 844 ,1
사복동 845 ,4
사복동 845-2 ,1
사복동 846 ,2
사복동 846-7 ,4
사복동 848-8 ,7
사복동 851-1 ,1
사복동 852-2,5
사복동 853 ,4
사복동 854 ,3
사복동 855 ,3
상매동 501-3 ,1
상매동 502 ,3
상매동 505-11 ,2
상매동 505-9 ,27
상매동 506 ,4
상매동 506-5 ,6
상매동 508 ,1
상매동 509 ,4
상매동 515-9 ,1
상매동 522-1 ,1
상매동 522-4 ,1
새론초등학교,65
서원킹스밀,343
서촌초등학교,6
서허동 104-1 ,2
서호동 103-7 ,4
서호동 103-9 ,2
서호동 104-1 ,39
서호동 105-3 ,14
서호동 123-17 ,1
서호동 123-6 ,1
서호동 155-1 ,2
서호동 169 ,2
서호동 175-4 ,1
서호동 201-3 ,3
서호동 201-34 ,1
서호동 201-48 ,1
서호동 260 ,4
서호동 295 ,1
서호동 7-79 ,1
서호동 75-6 ,1
서호동 76-5 ,2
서호동 78-1 ,1
서호동 78-2 ,8
서호동 78-5 ,1
서호동 79-10 ,1
서호동 79-11 ,4
서호동 79-2 ,12
서호동 79-4 ,2
서호동 79-9 ,1
서호동 80-7 ,51
서호동 81-4 ,1
서호동 81-5 ,40
서호동 9-5 ,1
서호동 안심로41길 37,1
서호동 안심로49길 13-6,1
서호동 안심로51길 14-2,1
성동고가교,988
송라로,39
송라로10길,25
송라로11길,9
송라로12길,26
송라로14길,3
송라로16길,81
송라로28길,57
송라로2길,36
송라로32길,233
송라로32길 32,1
송라로6길,1
송정동 787-1 ,1
송정,150
송정초등학교,219
숙천동 404 ,1
숙천유치원 ,94
숙천초등학교,2
신기동 12-7 ,1
신기동 122-15,14
신기동 123-8 ,2
신기동 174-1 ,1
신기동 174-3 ,1
신기동 174-4 ,3
신기동 2-8 ,1
신기동 207-7 ,1
신기동 211-1 ,55
신기동 211-11 ,1
신기동 23 ,1
신기동 23-1 ,10
신기동 233-1,9
신기동 25-18 ,4
신기동 262-1 ,103
신기동 265 ,54
신기동 265-4 ,1
신기동 265-5 ,6
신기동 265-9 ,5
신기동 268-5 ,64
신기동 268-9 ,11
신기동 274-10 ,1
신기동 274-8 ,1
신기동 28-1 ,5
신기동 28-4 ,16
신기동 28-6 ,1
신기동 289 ,25
신기동 29-1 ,5
신기동 296 ,4
신기동 296-2 ,28
신기동 30-2 ,4
신기동 322-20 ,4
신기동 35-12 ,1
신기동 35-4 ,4
신기동 41-2 ,5
신기동 41-3 ,3
신기동 43-5 ,1
신기동 44-3 ,10
신기동 44-5 ,7
신기동 47-9 ,1
신기동 538-9 ,1
신기동 541-6 ,1
신기동 547-9 ,12
신기동 549,2
신기동 554 ,36
신기동 555 ,150
신기동 556 ,34
신기동 557 ,153
신기동 557-1 ,9
신기동 558 ,18
신기동 560 ,6
신기동 560-1 ,6
신기동 563 ,12
신기동 563-3 ,1
신기동 563-4 ,16
신기동 565-4 ,2
신기동 567-4 ,1
신기동 573 ,2
신기동 576 ,36
신기동 576-1 ,2
신기동 578 ,63
신기동 580,1
신기동 580 ,145
신기동 583 ,40
신기동 583-9 ,19
신기동 585 ,5
신기동 585-9 ,4
신기동 587 ,5
신기동 587-9 ,6
신기동 589 ,5
신기동 589  ,1
신기동 589-3 ,3
신기동 591 ,17
신기동 591-5 ,1
신기동 81-5 ,1
신기동 반야월로 114,1
신기동 반야월로 137-1,1
신기동 반야월로 158,33
신기동 반야월로 185-3,1
신기동 안심로 159,1
신기동 율하동로20길 31,1
신기동 율하동로24길 14,1
신기동 율하동로24길 37,3
신기동 율하동로24길 47-,2
신기동 율하동로24길 47-1,1
신덕로,34
신무동 314-3 ,1
신서동 1031-5 ,1
신서동 1032-23 ,1
신서동 1036-5 ,1
신서동 1098-23 ,6
신서동 1121-6 ,1
신서동 1135-14,7
신서동 1135-14 ,10
신서동 1138-1 ,6
신서동 1142 ,6
신서동 1143 ,1
신서동 1143-1 ,1
신서동 1147 ,9
신서동 1147-1 ,4
신서동 1147-2 ,1
신서동 1147-3 ,4
신서동 1147-4 ,2
신서동 1147-5 ,1
신서동 1147-6 ,3
신서동 1148 ,14
신서동 1148-1 ,5
신서동 1148-2 ,5
신서동 1148-3 ,1
신서동 1148-4 ,7
신서동 1149,1
신서동 1149 ,38
신서동 1149-1 ,16
신서동 1149-3 ,4
신서동 1149-5 ,1
신서동 1149-6 ,9
신서동 1150,128
신서동 1151-2 ,2
신서동 1151-4 ,1
신서동 1152-1 ,3
신서동 1154-3 ,1
신서동 1154-5 ,1
신서동 1155-6 ,1
신서동 1156-4 ,1
신서동 1161-3,1
신서동 1161-4 ,1
신서동 1166 ,1
신서동 1166-3 ,1
신서동 1168-1 ,2
신서동 1170 ,2
신서동 1171 ,1
신서동 1179 ,1
신서동 1185 ,3
신서동 1187 ,9
신서동 1188 ,3
신서동 1189 ,43
신서동 1190 ,14
신서동 1191 ,1
신서동 448-2 ,1
신서동 455-3 ,3
신서동 456-4 ,1
신서동 488 ,1
신서동 495 ,1
신서동 497-1 ,1
신서동 513-28 ,3
신서동 513-34 ,4
신서동 516-17 ,1
신서동 520-20 ,1
신서동 522-6 ,2
신서동 523-3,1
신서동 525-1,12
신서동 525-13 ,48
신서동 525-15 ,31
신서동 525-25 ,6
신서동 525-29 ,29
신서동 525-3,7
신서동 525-3 ,52
신서동 525-31 ,2
신서동 525-4,6
신서동 525-4 ,2
신서동 528-4 ,2
신서동 529 ,2
신서동 530-1 ,1
신서동 530-4 ,6
신서동 530-6 ,16
신서동 531,1
신서동 531 ,11
신서동 534-3 ,4
신서동 534-5 ,1
신서동 535-1 ,21
신서동 535-15 ,1
신서동 535-2 ,1
신서동 535-5 ,3
신서동 535-9 ,15
신서동 538-1 ,2
신서동 540 ,1
신서동 544 ,1
신서동 544-2 ,1
신서동 548-3 ,1
신서동 548-5 ,11
신서동 550-3 ,1
신서동 551-3 ,5
신서동 551-4  ,1
신서동 552-1 ,2
신서동 552-11 ,1
신서동 552-12 ,6
신서동 552-7 ,4
신서동 552-9 ,2
신서동 554-2 ,24
신서동 556 ,1
신서동 556-8 ,9
신서동 557-2 ,7
신서동 557-3 ,2
신서동 557-7 ,12
신서동 562 ,1
신서동 563 ,1
신서동 570-2 ,1
신서동 572-10 ,1
신서동 574 ,10
신서동 577-7 ,4
신서동 584 ,8
신서동 585-29 ,1
신서동 586 ,3
신서동 621-1 ,1
신서동 621-17 ,2
신서동 621-4 ,1
신서동 621-5 ,1
신서동 621-7 ,1
신서동 621-8 ,1
신서동 623-15 ,1
신서동 624-22 ,75
신서동 625-29 ,6
신서동 625-8 ,2
신서동 626-13 ,1
신서동 626-22 ,22
신서동 626-31 ,1
신서동 626-38 ,1
신서동 684-4 ,1
신서동 695 ,4
신서동 713,1
신서동 713 ,10
신서동 713-3 ,11
신서동 755 ,12
신서동 757 ,4
신서동 769-1 ,2
신서동 808 ,1
신서동 809-1 ,1
신서동 809-10 ,12
신서동 809-12 ,2
신서동 811-8 ,1
신서동 813 ,1
신서동 815-5 ,1
신서동 823-102,2
신서동 823-140 ,1
신서동 823-15 ,1
신서동 823-152 ,3
신서동 823-158 ,1
신서동 823-29 ,21
신서동 823-52,1
신서동 823-6 ,5
신서동 823-7 ,5
신서동 824 ,5
신서동 831 ,54
신서동 831-1 ,3
신서동 832,3
신서동 834-3 ,1
신서동 834-4 ,1
신서동 834-5 ,2
신서동 845-4 ,1
신서동 859-11 ,1
신서동 859-12,1
신서동 859-12 ,12
신서동 859-2 ,1
신서동 870 ,3
신서동 881,1
신서동 881 ,1
신서동 883-3 ,12
신서동 884-18 ,5
신서동 884-21 ,1
신서동 884-25 ,6
신서동 884-5 ,6
신서동 884-6 ,15
신서동 884-8 ,5
신서동 885-2,1
신서동 888 ,2
신서동 동호로 88,1
신서동 동호로 98,4
신서동 동호로5길 2,2
신서동 반야월로 305,1
신서동 신서로 50,4
신서동 안심로 363,64
신서동1149,1
신서동1190,1
신서동534-2,1
신서동580-10,1
신서로,85
신성로,191
신성초등학교,9
신성초등학교 ,3
신세계백화점 ,166
신세계백화점 ,654
신숭겸길,10
신암 북로오거리,67
신암2동우체국 ,257
신암공원 ,124
신암남로,279
신암남로11길,1
신암남로15길,7
신암남로23길,40
신암남로24길,201
신암남로24길 90,6
신암남로27길,39
신암남로5길,20
신암도 664-18 ,1
신암동  350-4 ,1
신암동  676-22 ,1
신암동 106-17,4
신암동 106-48 ,1
신암동 106-54 ,1
신암동 106-66,4
신암동 113-26 ,1
신암동 118-8 ,18
신암동 1186-2 ,1
신암동 1194-3 ,2
신암동 1195-7,1
신암동 1195-7 ,1
신암동 1286-2 ,1
신암동 1286-20 ,1
신암동 1286-4 ,1
신암동 1286-9 ,1
신암동 1289-2 ,1
신암동 1289-23 ,1
신암동 129-98,12
신암동 1293-3 ,2
신암동 1295-5 ,1
신암동 1298-36 ,1
신암동 13-5,3
신암동 132-2 ,6
신암동 133 ,1
신암동 133-113,2
신암동 133-118 ,1
신암동 133-169,18
신암동 1332-12 ,103
신암동 1333-9 ,2
신암동 134-216,1
신암동 134-63,2
신암동 134-7 ,1
신암동 134-87 ,1
신암동 1343-4,4
신암동 1347-3,1
신암동 136-174 ,1
신암동 1360,5
신암동 139-75 ,1
신암동 1479 ,2
신암동 1503 ,27
신암동 1510 ,3
신암동 1550 ,1
신암동 1607-1,1
신암동 1620 ,16
신암동 164-2 ,4
신암동 166-23 ,1
신암동 166-7,1
신암동 166-8 ,1
신암동 168-1 ,7
신암동 168-3 ,1
신암동 169-1 ,14
신암동 169-4 ,1
신암동 169-5 ,12
신암동 170-14 ,1
신암동 170-16 ,4
신암동 170-4 ,3
신암동 174-1 ,31
신암동 174-2 ,1
신암동 175-19 ,1
신암동 177-10 ,2
신암동 177-17 ,1
신암동 177-28 ,21
신암동 177-4 ,10
신암동 18-2,2
신암동 180-13,1
신암동 1810-15 ,4
신암동 1810-16 ,26
신암동 1810-18 ,1
신암동 183-11 ,3
신암동 183-13 ,2
신암동 1836,26
신암동 1838,4
신암동 184-35 ,1
신암동 184-40 ,5
신암동 1842 ,1
신암동 1846 ,2
신암동 1850 ,1
신암동 1881 ,8
신암동 192-13 ,4
신암동 194-30 ,1
신암동 201-1 ,86
신암동 203-8 ,1
신암동 204-9 ,1
신암동 207-12 ,2
신암동 207-14 ,1
신암동 207-25 ,51
신암동 207-31 ,4
신암동 209-51 ,1
신암동 210-1 ,3
신암동 214-1 ,7
신암동 214-11,1
신암동 214-11 ,9
신암동 214-12 ,1
신암동 214-14 ,2
신암동 214-2 ,1
신암동 214-4 ,6
신암동 215-5 ,2
신암동 215-7 ,10
신암동 216-16 ,10
신암동 218-1 ,2
신암동 219-4 ,6
신암동 219-6,1
신암동 219-6 ,22
신암동 221-16 ,2
신암동 224-15 ,1
신암동 225-14 ,104
신암동 229-24 ,3
신암동 229-25 ,4
신암동 230-1 ,1
신암동 230-23 ,35
신암동 231-1 ,1
신암동 232-3 ,2
신암동 233-9 ,2
신암동 242-37,29
신암동 248-12,1
신암동 248-12 ,24
신암동 249-1 ,3
신암동 249-12,1
신암동 249-12 ,2
신암동 249-14 ,14
신암동 249-16 ,3
신암동 249-3 ,1
신암동 249-5 ,44
신암동 25-3 ,40
신암동 250-1 ,1
신암동 255-14 ,2
신암동 257-1 ,57
신암동 258-1 ,80
신암동 258-12 ,1
신암동 258-13 ,178
신암동 258-17 ,11
신암동 258-4 ,3
신암동 259-16,1
신암동 259-16 ,19
신암동 259-17 ,1
신암동 259-18 ,1
신암동 259-31 ,1
신암동 259-33 ,1
신암동 259-35 ,2
신암동 259-42 ,7
신암동 259-44 ,1
신암동 259-47 ,1
신암동 259-6 ,18
신암동 276-10 ,1
신암동 276-2 ,15
신암동 276-23 ,1
신암동 276-4 ,2
신암동 277-11 ,1
신암동 28 ,5
신암동 283-10,2
신암동 283-10 ,202
신암동 283-33 ,7
신암동 283-36 ,9
신암동 283-5 ,1
신암동 283-6 ,2
신암동 284-40 ,1
신암동 285-2 ,1
신암동 287-1 ,13
신암동 287-4 ,2
신암동 288-11 ,2
신암동 288-4 ,4
신암동 289-7 ,3
신암동 289-8 ,8
신암동 289-9,1
신암동 289-9 ,11
신암동 290-1 ,2
신암동 290-10 ,1
신암동 302-3 ,6
신암동 302-5,8
신암동 303-1 ,1
신암동 331-14 ,5
신암동 331-20 ,5
신암동 331-7 ,4
신암동 332-10 ,9
신암동 332-8 ,4
신암동 335-3,2
신암동 335-3 ,8
신암동 335-6 ,1
신암동 337-1 ,2
신암동 337-9 ,3
신암동 340-1 ,1
신암동 340-3 ,5
신암동 340-4 ,10
신암동 342-1 ,18
신암동 342-10 ,2
신암동 342-12 ,1
신암동 345-11 ,5
신암동 345-8 ,2
신암동 346-11 ,6
신암동 348-1 ,3
신암동 348-2 ,1
신암동 349-1 ,7
신암동 349-2 ,1
신암동 349-4 ,3
신암동 349-7 ,1
신암동 349-8 ,1
신암동 349-9 ,1
신암동 350-1 ,2
신암동 350-4 ,43
신암동 36-1 ,1
신암동 364-14 ,4
신암동 364-14  ,1
신암동 366,16
신암동 368,105
신암동 373-1 ,2
신암동 374,50
신암동 38-2 ,2
신암동 45-2 ,2
신암동 460-23 ,14
신암동 461-20 ,2
신암동 461-48 ,1
신암동 461-52 ,7
신암동 463-4 ,1
신암동 471 ,4
신암동 471-15 ,9
신암동 471-9 ,55
신암동 472- 33 ,1
신암동 472-15 ,1
신암동 472-3,1
신암동 472-3 ,1
신암동 472-33 ,393
신암동 472-8 ,1
신암동 480-13 ,12
신암동 484-9 ,2
신암동 485-1 ,1
신암동 485-17 ,3
신암동 485-2 ,2
신암동 485-24 ,6
신암동 485-8 ,1
신암동 485-9 ,1
신암동 486-1 ,2
신암동 486-9 ,1
신암동 487 ,10
신암동 493-14 ,2
신암동 498-3 ,1
신암동 498-7 ,7
신암동 499-12 ,1
신암동 54-139 ,26
신암동 575 ,1
신암동 575-28 ,1
신암동 575-30 ,1
신암동 576-10 ,2
신암동 576-31 ,1
신암동 588-45 ,2
신암동 590-1 ,2
신암동 592-2 ,1
신암동 594-2 ,1
신암동 603-126,2
신암동 603-126 ,1
신암동 603-341,55
신암동 607-14 ,239
신암동 612-7,10
신암동 620-16 ,40
신암동 622 ,41
신암동 625-118 ,1
신암동 642-16 ,1
신암동 643-10 ,4
신암동 645-1 ,9
신암동 645-10 ,4
신암동 645-4 ,7
신암동 645-43 ,1
신암동 645-9 ,3
신암동 647 ,2
신암동 647-50 ,2
신암동 647-86 ,1
신암동 648-1 ,3
신암동 648-16 ,3
신암동 648-4 ,2
신암동 648-6 ,2
신암동 651-37 ,7
신암동 651-38 ,3
신암동 651-8 ,1
신암동 652-15 ,3
신암동 652-16 ,3
신암동 652-32 ,1
신암동 652-33 ,32
신암동 652-4 ,15
신암동 664-18 ,153
신암동 672-33 ,1
신암동 674-20 ,2
신암동 676-1 ,20
신암동 676-11 ,32
신암동 676-19 ,5
신암동 681-6 ,14
신암동 688-11 ,1
신암동 703-44 ,14
신암동 703-48 ,1
신암동 704-7 ,1
신암동 705-12 ,1
신암동 705-7 ,1
신암동 708 ,4
신암동 708-148 ,4
신암동 708-18 ,144
신암동 708-53 ,1
신암동 708-64 ,1
신암동 708-71,1
신암동 708-71 ,21
신암동 708-77 ,2
신암동 709-6 ,1
신암동 712-15,2
신암동 712-15 ,114
신암동 714-3 ,2
신암동 716-87 ,7
신암동 717-69,1
신암동 717-69 ,7
신암동 722-17 ,2
신암동 722-272 ,15
신암동 722-293,1
신암동 722-293 ,8
신암동 722-36 ,10
신암동 760-3 ,1
신암동 760-5 ,2
신암동 760-7 ,9
신암동 777-17 ,1
신암동 779-8 ,3
신암동 784-4 ,1
신암동 788-1 ,1
신암동 795-9 ,1
신암동 803-7 ,1
신암동 804-5 ,1
신암동 806-3 ,6
신암동 81-1 ,168
신암동 816-3 ,1
신암동 817-3 ,1
신암동 821-1 ,19
신암동 821-13 ,21
신암동 823-6 ,2
신암동 831-9 ,1
신암동 98-14 ,1
신암동 경대로 112-2,1
신암동 경대로 32-5,1
신암동 대현로 118-1,1
신암동 대현로 135,2
신암동 동대구로 550,12
신암동 동대구로 571-1,2
신암동 동대구로 597,75
신암동 동북로 394-2,6
신암동 동북로 440,17
신암동 송라로,18
신암동 신성로,4
신암동 신암남로 165-4,3
신암동 신암남로 169,122
신암동 신암남로 174,6
신암동 신암남로 179,1
신암동 신암로,1
신암동 신암로 100,2
신암동 신암로 66,13
신암동 신암로 86-5,2
신암동 신암북로7길 84,1
신암동 아양로,1
신암동 아양로 150,1
신암동 아양로 160,1
신암동 아양로 193,10
신암동 아양로 22,23
신암동 아양로 221,1
신암동 아양로 245,3
신암동 아양로 37-4,17
신암동 아양로 68,5
신암동 아양로 77-9,1
신암동 아양로 99,1
신암동 아양로27길 7,1
신암동 아양로27길 7-11,2
신암동 아양로34길 2,1
신암동 아양로34길 25,2
신암동 아양로7길 12,1
신암동 아양로8길 22-1,14
신암동 아양로8길 6,1
신암동 아양로9길 6-5,47
신암뜨란채,179
신암로,7
신암로12길,4
신암로16길,76
신암로16길 17,3
신암로18길,60
신암로20길,9
신암북로,96
신암북로11길,14
신일해피트리,25
신일해피트리,19
신창건축 ,2
신천3동주민센터,10
신천동  101-5 ,1
신천동 100 ,91
신천동 100  ,1
신천동 101-16 ,1
신천동 101-2 ,1
신천동 101-4 ,2
신천동 101-5 ,60
신천동 102 ,53
신천동 1023 ,1
신천동 107-2 ,21
신천동 108-3 ,2
신천동 109-2 ,1
신천동 109-3 ,2
신천동 110-2 ,1
신천동 110-7 ,4
신천동 111 ,6
신천동 113-1 ,1
신천동 113-4 ,2
신천동 118-1 ,1
신천동 118-2 ,1
신천동 118-6 ,1
신천동 123-1 ,2
신천동 125-1 ,1
신천동 126-1 ,1
신천동 126-4 ,1
신천동 127-1 ,2
신천동 1279-126 ,1
신천동 1279-150,1
신천동 1279-150 ,22
신천동 1279-160 ,1
신천동 1282 ,1
신천동 1291-70 ,1
신천동 1291-75 ,4
신천동 1307-44 ,7
신천동 1307-46 ,8
신천동 137-4 ,1
신천동 139-1 ,3
신천동 139-10 ,2
신천동 139-3 ,3
신천동 139-8 ,1
신천동 141-1 ,1
신천동 143-2 ,1
신천동 146-1 ,1
신천동 147-1 ,2
신천동 147-8,2
신천동 148-4 ,1
신천동 148-7 ,1
신천동 149-12 ,1
신천동 149-16 ,1
신천동 149-18 ,1
신천동 149-2 ,1
신천동 149-3 ,2
신천동 149-31 ,16
신천동 149-34 ,1
신천동 149-36 ,1
신천동 149-39 ,1
신천동 149-41 ,6
신천동 150-15 ,4
신천동 150-5 ,1
신천동 1503 ,18
신천동 1505 ,20
신천동 1506 ,22
신천동 1506-2 ,33
신천동 1506-2 부,1
신천동 1507 ,12
신천동 1507-2 ,2
신천동 1507-3 ,1
신천동 1508 ,89
신천동 151-1 ,5
신천동 151-2 ,8
신천동 1511 ,267
신천동 1512,7
신천동 1512 ,1971
신천동 1512 부,1
신천동 1513 ,239
신천동 1514 ,17
신천동 1517,1
신천동 1517 ,3
신천동 1518 ,19
신천동 152-3 ,3
신천동 155-1 ,3
신천동 155-2 ,4
신천동 156-1 ,6
신천동 156-2 ,1
신천동 156-4 ,2
신천동 157-7 ,2
신천동 160-1 ,10
신천동 166-22 ,1
신천동 17 ,2
신천동 171-1 ,5
신천동 171-15 ,12
신천동 171-2 ,3
신천동 172-2 ,3
신천동 174-1 ,1
신천동 176-1 ,1
신천동 177-2 ,6
신천동 177-9 ,4
신천동 18-3 ,1
신천동 181-1 ,1
신천동 182-1 ,3
신천동 182-3 ,9
신천동 182-5 ,4
신천동 182-8 ,3
신천동 183-14 ,8
신천동 183-26 ,2
신천동 183-8 ,2
신천동 183-9 ,2
신천동 185-1 ,22
신천동 187-14 ,1
신천동 19-4 ,1
신천동 194-17 ,5
신천동 194-18 ,6
신천동 194-3 ,6
신천동 194-30 ,11
신천동 194-33 ,3
신천동 194-45 ,15
신천동 195-1 ,3
신천동 20-4 ,2
신천동 200-1 ,39
신천동 200-9 ,5
신천동 21-1 ,11
신천동 23-1 ,1
신천동 24-3 ,1
신천동 25-2 ,2
신천동 26-13 ,3
신천동 26-2 ,1
신천동 260-3 ,14
신천동 260-4 ,1
신천동 262-28 ,1
신천동 262-29 ,2
신천동 263-13 ,1
신천동 264-54 ,3
신천동 264-56 ,2
신천동 265-30 ,1
신천동 267-8 ,3
신천동 268-11 ,1
신천동 268-12 ,4
신천동 268-3 ,1
신천동 268-4 ,2
신천동 268-7 ,1
신천동 27-1 ,5
신천동 272-13 ,1
신천동 272-8 ,1
신천동 274-2 ,1
신천동 278-47 ,5
신천동 279-7 ,6
신천동 279-8 ,1
신천동 28-9 ,1
신천동 280-2 ,4
신천동 281-16 ,38
신천동 283-1 ,6
신천동 283-4 ,1
신천동 283-6 ,1
신천동 283-9 ,1
신천동 284-18 ,9
신천동 284-19 ,1
신천동 285-1 ,25
신천동 286-2 ,6
신천동 287-2 ,34
신천동 288-1 ,60
신천동 289-2 ,78
신천동 290-1 ,22
신천동 290-2 ,1
신천동 290-9 ,4
신천동 291-8 ,7
신천동 292-1 ,16
신천동 292-6 ,1
신천동 293-1 ,33
신천동 293-11 ,3
신천동 293-2 ,1
신천동 294-2 ,27
신천동 294-3 ,31
신천동 294-4 ,3
신천동 294-5 ,19
신천동 294-7 ,6
신천동 295-3 ,1
신천동 295-4 ,43
신천동 296-2 ,1
신천동 296-4 ,8
신천동 297-1 ,2
신천동 297-11 ,8
신천동 297-6 ,4
신천동 297-7 ,1
신천동 297-8 ,25
신천동 297-9 ,2
신천동 298-1 ,1
신천동 298-2 ,1
신천동 298-4 ,9
신천동 298-5 ,2
신천동 298-6 ,5
신천동 299-2 ,19
신천동 299-4 ,3
신천동 300-15 ,2
신천동 300-2 ,2
신천동 300-4 ,2
신천동 302-1 ,5
신천동 303-1 ,82
신천동 304-6 ,1
신천동 304-7 ,2
신천동 304-8 ,1
신천동 304-9 ,1
신천동 305-2 ,6
신천동 306-6 ,1
신천동 306-8 ,10
신천동 307-3 ,2
신천동 308-1 ,1
신천동 309-4 ,3
신천동 309-5 ,7
신천동 309-7 ,45
신천동 309-8 ,5
신천동 309-8 부,1
신천동 312-4 ,1
신천동 312-8 ,2
신천동 314-16 ,1
신천동 314-3 ,12
신천동 315-1 ,4
신천동 315-2 ,12
신천동 315-4 ,9
신천동 316-1 ,1
신천동 317-2 ,1
신천동 317-8 ,5
신천동 318-2 ,1
신천동 319-9,1
신천동 319-9 ,10
신천동 320-2 ,7
신천동 321-1 ,1
신천동 321-2 ,6
신천동 322-1 ,4
신천동 324 ,4
신천동 325-1 ,53
신천동 325-15 ,1
신천동 325-8 ,31
신천동 325-9 ,1
신천동 326-1 ,67
신천동 326-8 ,5
신천동 327-1 ,11
신천동 327-2 ,1
신천동 327-3 ,12
신천동 327-5 ,3
신천동 327-6 ,2
신천동 328-2 ,13
신천동 330-2 ,13
신천동 330-6 ,24
신천동 330-7 ,35
신천동 331-1 ,175
신천동 331-1  ,1
신천동 332-13 ,1
신천동 332-6 ,1
신천동 333-1 ,69
신천동 333-1 부,1
신천동 333-10 ,1
신천동 333-2 ,2
신천동 333-4 ,9
신천동 333-6 ,1
신천동 333-8 ,1
신천동 334-1 ,4
신천동 334-11 ,1
신천동 334-6 ,14
신천동 335-1 ,1
신천동 335-15 ,2
신천동 335-16 ,1
신천동 336-1 ,3
신천동 336-2 ,4
신천동 337-1 ,36
신천동 337-3 ,1
신천동 338-1 ,1
신천동 338-2 ,51
신천동 338-2  ,3
신천동 338-3 ,5
신천동 339-5 ,4
신천동 340-8 ,5
신천동 341-1 ,32
신천동 341-3 ,2
신천동 341-4 ,4
신천동 343-1 ,9
신천동 344-1 ,5
신천동 346-15 ,3
신천동 346-16 ,1
신천동 346-17 ,4
신천동 348-2 ,6
신천동 348-23 ,1
신천동 348-27 ,1
신천동 348-9 ,2
신천동 349-7 ,2
신천동 350-1 ,43
신천동 350-7 ,18
신천동 351-27 ,5
신천동 351-34 ,4
신천동 351-4 ,3
신천동 355-5 ,1
신천동 356-5 ,6
신천동 356-6 ,1
신천동 364-2 ,1
신천동 365-3 ,1
신천동 367-1 ,29
신천동 368-13 ,10
신천동 368-14 ,23
신천동 369-5 ,9
신천동 369-7 ,12
신천동 370-5 ,1
신천동 372 ,11
신천동 373-1 ,2
신천동 374-6 ,15
신천동 375-10 ,3
신천동 375-3 ,1
신천동 378-10 ,1
신천동 379-4 ,11
신천동 379-5 ,28
신천동 379-6 ,6
신천동 381-1 ,1
신천동 381-3 ,69
신천동 384-1 ,8
신천동 386-2 ,2
신천동 386-3 ,1
신천동 388-15 ,1
신천동 388-2 ,1
신천동 388-4 ,4
신천동 390-1 ,1
신천동 390-6 ,3
신천동 390-7 ,5
신천동 391-1 ,1
신천동 399-1 ,1
신천동 4-41 ,1
신천동 404-3 ,1
신천동 404-6 ,3
신천동 405 ,2
신천동 410-14 ,2
신천동 411-4 ,6
신천동 411-8 ,5
신천동 42-12 ,1
신천동 429-4 ,3
신천동 43-5 ,13
신천동 44-35 ,4
신천동 450 ,10
신천동 457 ,119
신천동 459-13 ,84
신천동 459-22 ,78
신천동 459-3 ,2
신천동 459-5 ,1
신천동 459-7 ,7
신천동 476 ,6
신천동 479 ,12
신천동 480-1 ,53
신천동 480-18 ,3
신천동 480-19 ,2
신천동 480-30 ,1
신천동 480-37 ,1
신천동 480-38 ,3
신천동 480-40 ,2
신천동 480-41 ,2
신천동 480-42 ,12
신천동 480-44 ,1
신천동 481-1 ,6
신천동 481-10 ,1
신천동 481-2 ,5
신천동 481-3 ,15
신천동 482-5,1
신천동 482-5 ,21
신천동 484-1 ,2
신천동 487 ,9
신천동 489-1 ,2
신천동 49-1 ,1
신천동 494 ,2
신천동 497-14 ,1
신천동 497-38 ,4
신천동 497-39 ,2
신천동 497-40 ,22
신천동 497-47 ,1
신천동 499-1 ,168
신천동 501-1 ,5
신천동 501-13 ,1
신천동 502-1 ,2
신천동 502-3 ,3
신천동 503-9 ,3
신천동 512 ,1
신천동 52-6 ,1
신천동 522-1 ,1
신천동 526-1 ,1
신천동 528 ,19
신천동 529 ,5
신천동 530-4 ,1
신천동 537-3 ,1
신천동 537-8,1
신천동 538-15 ,33
신천동 538-3 ,21
신천동 538-50 ,2
신천동 538-52 ,5
신천동 541-6,1
신천동 543-20 ,2
신천동 548-20 ,1
신천동 551-2 ,1
신천동 551-23 ,13
신천동 551-30,1
신천동 551-30 ,24
신천동 551-31 ,22
신천동 551-34 ,15
신천동 551-35 ,11
신천동 556-1 ,5
신천동 556-15 ,1
신천동 557-18 ,2
신천동 557-6 ,3
신천동 56-1 ,2
신천동 566-180 ,5
신천동 566-3 ,1
신천동 596-4 ,1
신천동 60-4 ,67
신천동 600-5 ,16
신천동 604-18,2
신천동 604-18 ,12
신천동 621 ,36
신천동 622 ,21
신천동 623 ,4
신천동 624,34
신천동 624 ,26
신천동 624-2 ,1
신천동 624-3 ,20
신천동 628-28,1
신천동 633 ,4
신천동 64-1 ,2
신천동 642-1 ,4
신천동 645-1 ,15
신천동 65 ,2
신천동 66-1 ,4
신천동 66-3 ,2
신천동 66-4 ,18
신천동 66-5 ,7
신천동 67-3 ,1
신천동 670-6 ,1
신천동 68-1 ,1
신천동 682-75 ,23
신천동 682-9 ,8
신천동 685-14 ,3
신천동 686-13 ,4
신천동 686-21 ,1
신천동 687-3 ,6
신천동 687-4 ,1
신천동 689-1 ,1
신천동 690-11 ,2
신천동 690-4 ,20
신천동 691-9 ,1
신천동 697-3 ,8
신천동 698-31 ,3
신천동 698-32 ,6
신천동 698-33 ,7
신천동 699-1 ,1
신천동 70-2 ,22
신천동 70-4 ,2
신천동 704-17 ,1
신천동 73 ,2
신천동 730-1 ,2
신천동 730-10 ,1
신천동 730-3 ,31
신천동 730-9 ,4
신천동 731 ,2
신천동 732-1 ,1
신천동 735-1 ,1
신천동 735-2 ,1
신천동 739-1 ,1
신천동 739-13 ,1
신천동 739-18 ,2
신천동 739-28 ,5
신천동 739-32 ,1
신천동 739-6 ,2
신천동 74-1 ,2
신천동 74-2 ,1
신천동 740-1 ,1
신천동 740-17 ,2
신천동 740-18 ,2
신천동 740-2 ,2
신천동 740-20 ,4
신천동 740-25 ,6
신천동 741,60
신천동 741 ,40
신천동 742 ,23
신천동 743,12
신천동 743 ,223
신천동 75-1 ,2
신천동 75-2 ,3
신천동 75-3 ,3
신천동 75-5 ,4
신천동 75-9 ,6
신천동 77 ,2
신천동 776-14 ,1
신천동 778-2 ,3
신천동 778-9,9
신천동 779-3 ,1
신천동 78-2 ,5
신천동 781-11 ,9
신천동 781-3 ,1
신천동 781-4 ,1
신천동 782-4 ,7
신천동 787-22 ,10
신천동 787-25 ,7
신천동 787-32 ,1
신천동 787-4 ,4
신천동 787-6 ,3
신천동 788-2 ,1
신천동 788-3 ,1
신천동 79-1 ,2
신천동 791 ,1
신천동 80-1 ,2
신천동 80-2 ,2
신천동 806-22 ,4
신천동 81-1 ,1
신천동 819-2 ,1
신천동 819-46 ,1
신천동 82-4 ,11
신천동 824-10 ,1
신천동 824-31 ,1
신천동 825-15 ,2
신천동 826-8 ,4
신천동 828-1 ,1
신천동 83-1 ,1
신천동 83-2 ,20
신천동 83-4 ,2
신천동 83-4 뷰군,1
신천동 830-8 ,1
신천동 843-7 ,1
신천동 845-12 ,7
신천동 845-14 ,1
신천동 845-25 ,3
신천동 845-36 ,1
신천동 845-37 ,1
신천동 849-17,15
신천동 850 ,1
신천동 850-14 ,3
신천동 850-6 ,1
신천동 88-1 ,2
신천동 88-2 ,8
신천동 89-1 ,35
신천동 89-6 ,2
신천동 91 ,2
신천동 95 ,6
신천동 국채보상로 861,1
신천동 국채보상로159길 7,1
신천동 동대구로 429,1
신천동 동대구로 449,21
신천동 동대구로 461,2
신천동 동대구로 530,29
신천동 동부로 149,2
신천동 동부로 38,6
신천동 동부로 81,1
신천동 동부로 89,2
신천동 동부로12길 12,4
신천동 송라로 30-1,2
신천동 송라로 59,4
신천동 송라로 81,20
신천동 송라로 9-1,1
신천동 송라로 91-12,9
신천동 송라로10길 14-6,2
신천동 송라로10길 6,16
신천동 송라로2길 17-6,1
신천동 송라로3길 12-10,31
신천동 송라로3길 5-1,5
신천동 효신로 23,3
신천동294-3 ,1
신천동서맨션,20
신천초등학교,34
신평동 239-4 ,5
신평동 247-10 ,1
신평동 247-14 ,1
신평동 247-16 ,1
신평동 247-17 ,1
신평동 313-1 ,1
신평동 319-2 ,2
신평동 319-4 ,2
신평동 320-1 ,1
신평동 321-2 ,1
신평동 322-1 ,1
신평동 322-5 ,1
신평동 324 ,18
신평동 325-1 ,3
신평동 325-6 ,1
신평동 326-1 ,3
신평동 331-7 ,1
신평동 333-3 ,1
신평동 575 ,1
신평동 582 ,3
신평동 700-2 ,2
신평동 701-9 ,1
신평동 702-12 ,1
신평동 754-8 ,1
신평동 760-16 ,13
신평동 760-19 ,1
신평동 760-22 ,1
신평동 760-41 ,1
신평동 771-37 ,2
신평동 777-10,1
신평동 780-52 ,1
신평동 785-1 ,1
신평동 동촌로 330-2,13
신평동 동촌로 343-11,2
신평로,25
신평로16길,7
신평로22길,16
신평로28길,2
아양로,94
아양로10길,2
아양로11길,3
아양로15길,97
아양로21길,1
아양로22길,38
아양로24길,1
아양로34길,134
아양로39길,11
아양로40길,2
아양로57길,1
아양로6길,44
아양로7길,86
아양로8길,58
아양로9길,2
아양초등학교,40
안심1동행정복지센터,77
안심1동행정복지센터,151
안심뉴타운,11
안심뉴타운,40
안심뉴타운,1
안심로,62
안심로 402,1
안심로16길,1
안심로22길,37
안심로41길,31
안심로73길,688
안심로7길,13
안심로90길,1
안심시티프라디움,174
코오롱하늘채,145
코오롱하늘채,136
안심주공1단지 ,442
안일 초등학교 ,81
안일초등학교 ,83
에일린의뜰 남편,41
에일린의뜰 동편,13
에일린의뜰 ,84
에일린의뜰 측면,138
연경썬프라자,268
영신초 ,271
용게동 938-2 ,1
용계동 1001 ,1
용계동 1009-11 ,1
용계동 1013-1 ,1
용계동 1018-1 ,2
용계동 1018-3 ,1
용계동 1027-2 ,1
용계동 1029-3 ,1
용계동 1035-2 ,2
용계동 1053,2
용계동 1060-1 ,1
용계동 1061,4
용계동 1061 ,1
용계동 135-15 ,1
용계동 137-3 ,1
용계동 150-5 ,1
용계동 156-5,1
용계동 160-5,1
용계동 333-5 ,1
용계동 346-20 ,1
용계동 352-3 ,1
용계동 353-8 ,1
용계동 365-1 ,2
용계동 368-2 ,4
용계동 369-2 ,1
용계동 417-3 ,1
용계동 418-1 ,2
용계동 418-4 ,1
용계동 420-2 ,1
용계동 437-45 ,1
용계동 437-57 ,1
용계동 437-58 ,2
용계동 437-61 ,1
용계동 437-62 ,1
용계동 437-65 ,7
용계동 437-66 ,5
용계동 437-72 ,1
용계동 437-77 ,2
용계동 442-6 ,3
용계동 447-4 ,1
용계동 461-11 ,5
용계동 461-12 ,5
용계동 461-3 ,1
용계동 461-7 ,1
용계동 467-1 ,7
용계동 468-5 ,3
용계동 468-6 ,3
용계동 469-6 ,2
용계동 470-12 ,1
용계동 471-1 ,2
용계동 515-2 ,2
용계동 516-10 ,3
용계동 516-4 ,2
용계동 519-1 ,3
용계동 541-9 ,4
용계동 542-5 ,1
용계동 543-4 ,2
용계동 662-1 ,6
용계동 702-13 ,1
용계동 702-49 ,1
용계동 729-2 ,3
용계동 731-3 ,3
용계동 732-2 ,1
용계동 755-11 ,14
용계동 755-114 ,1
용계동 755-138 ,2
용계동 755-2 ,1
용계동 755-37 ,9
용계동 755-63 ,1
용계동 789-28 ,2
용계동 789-45 ,1
용계동 802-12 ,1
용계동 850-2 ,3
용계동 853-5 ,1
용계동 878-1 ,4
용계동 878-99 ,1
용계동 936-1 ,2
용계동 936-2 ,1
용계동 938-2 ,3
용계동 954-1,1
용계동 966 ,1
용계동 981 ,5
용계동 982-9,2
용계동 983 ,1
용계동 993 ,4
용계동 동촌로 334,19
용계동 동촌로 358,1
용계동 동촌로 383,1
용계동 동촌로 390-1,1
용계동 안심로7길 7,2
용계로,1
용계로1길,6
용계로2길,3
용수동 16-15 ,1
용수동 23-2 ,1
용수동 37-1 ,3
용수동 50-1 ,1
용수동 50-13 ,2
용수동 55-27 ,1
용수동 59-32 ,2
용수동 70-12 ,8
용수동 89 ,1
용호초등학교,44
우방강촌마을,159
우방강촌마을,72
위남로,14
유림맨션,62
율금초등학교,23
율암동 1103-7 ,2
율암동 1108 ,2
율암동 1109 ,4
율암동 1131 ,1
율암동 1135,4
율암동 1135 ,6
율암동 1139,59
율암동 1151 ,2
율암동 1152 ,2
율암동 1188 ,1
율암동 1196 ,1
율암동 1200 ,6
율암동 1202 ,1
율암동 1208 ,1
율암동 1210,1
율암동 1210 ,3
율암동 1212 ,2
율암동 1213 ,6
율암동 1214 ,2
율암동 1216 ,3
율암동 1217 ,1
율암동 1219 ,8
율암동 1221 ,5
율암동 1222 ,2
율암동 1226 ,1
율암동 1236 ,1
율암동 1243 ,9
율암동 1244 ,2
율암동 1250 ,1
율암동 1251 ,4
율암동 1260 ,10
율암동 1271 ,1
율암동 1274 ,1
율암동 1287 ,1
율암동 1288 ,1
율암동 1309 ,2
율암동 1316 ,1
율암동 1361 ,1
율암동 1367 ,1
율암동 1368 ,1
율암동 1375 ,1
율암동 1378 ,1
율암동 138 ,1
율암동 1386 ,1
율암동 1388,1
율암동 1389 ,1
율암동 1398 ,1
율암동 1400 ,2
율암동 306-4 ,1
율암동 360-4 ,3
율암동 360-5 ,4
율암동 459 ,2
율암동 524-6 ,2
율암로,24
율원초등학교,193
율하고가도로,1
율하동 1007-2 ,1
율하동 1011-5 ,2
율하동 1027 ,1
율하동 1030 ,1
율하동 1093 ,3
율하동 1097,43
율하동 1098 ,100
율하동 1099 ,2
율하동 1107 ,3
율하동 1113 ,1
율하동 1114 ,3
율하동 1116 ,1
율하동 1116-1 ,3
율하동 1117 ,14
율하동 1117-1 ,1
율하동 1118 ,1
율하동 115 ,1
율하동 1152 ,3
율하동 1153 ,5
율하동 1154 ,2
율하동 1156 ,1
율하동 1160 ,5
율하동 1161 ,1
율하동 1220 ,4
율하동 1226 ,1
율하동 1227 ,2
율하동 1227-1 ,3
율하동 1230 ,6
율하동 1231,2
율하동 1234 ,2
율하동 1283 ,1
율하동 1284 ,6
율하동 1288 ,1
율하동 1289 ,5
율하동 129-20 ,1
율하동 1294 ,5
율하동 1295 ,2
율하동 1300,2
율하동 1354 ,2
율하동 1378 ,2
율하동 1379 ,2
율하동 1402 ,3
율하동 1406 ,1
율하동 1410 ,1
율하동 1413 ,1
율하동 1415 ,3
율하동 1418 ,4
율하동 1421 ,1
율하동 1422 ,5
율하동 1423 ,73
율하동 1424 ,1
율하동 1426 ,1
율하동 1428 ,7
율하동 1429 ,162
율하동 1430 ,2
율하동 1432 ,2
율하동 1433 ,13
율하동 1434 ,1
율하동 1435 ,1
율하동 1436 ,3
율하동 1437 ,4
율하동 1438 ,12
율하동 1439 ,8
율하동 1440 ,10
율하동 1441 ,2
율하동 1442 ,1
율하동 1443 ,1
율하동 1444 ,18
율하동 1445 ,8
율하동 1447 ,1
율하동 1448 ,1
율하동 1458 ,2
율하동 1460 ,3
율하동 1464 ,1
율하동 1468 ,2
율하동 1471 ,6
율하동 1474 ,1
율하동 1475 ,2
율하동 1476 ,1
율하동 1477 ,1
율하동 1480 ,1
율하동 1481 ,9
율하동 1488 ,1
율하동 1489 ,4
율하동 1492 ,1
율하동 1493 ,6
율하동 1494 ,3
율하동 1499 ,2
율하동 1503 ,5
율하동 1506 ,1
율하동 1510 ,22
율하동 1511 ,68
율하동 1512 ,11
율하동 1513 ,1
율하동 1519 ,3
율하동 1521 ,8
율하동 1526 ,7
율하동 1556 ,1
율하동 1580 ,3
율하동 1604 ,2
율하동 1617 ,1
율하동 1621 ,2
율하동 1623 ,1
율하동 1626 ,7
율하동 1628 ,2
율하동 193 ,4
율하동 231 ,4
율하동 232-6 ,3
율하동 233-10 ,1
율하동 233-3 ,5
율하동 233-4 ,7
율하동 237-5 ,4
율하동 245 ,11
율하동 246-2 ,4
율하동 251-1 ,16
율하동 251-8 ,1
율하동 307-7 ,1
율하동 336-3,2
율하동 41 ,4
율하동 45-2 ,1
율하동 46-2 ,1
율하동 817-13 ,1
율하동 819-18 ,1
율하동 840-33 ,1
율하동 840-87 ,5
율하동 840-89 ,2
율하동 840-93 ,4
율하동 865 ,6
율하동 867-3 ,2
율하동 867-4 ,5
율하동 871 ,1
율하동 871-11 ,1
율하동 871-13 ,5
율하동 871-7 ,2
율하동 872 ,1
율하동 873-3 ,2
율하동 875-7 ,1
율하동 879 ,1
율하동 880 ,3
율하동 894 ,2
율하동 894-3 ,2
율하동 896 ,11
율하동 896-1 ,1
율하동 896-6 ,1
율하동 896-7 ,4
율하동 898 ,1
율하동 898-5 ,2
율하동 909-10 ,8
율하동 915 ,7
율하동 915-1 ,7
율하동 915-4 ,2
율하동 921 ,2
율하동 921-5 ,3
율하동 921-6 ,1
율하동 931 ,1
율하동 933-3 ,5
율하동 935 ,6
율하동 935-5 ,2
율하동 945 ,1
율하동 945-13 ,1
율하동 947 ,5
율하동 948 ,1
율하동 953 ,2
율하동 953-1 ,1
율하동 953-6 ,1
율하동 971 ,16
율하동 973-4 ,4
율하동 981 ,1
율하동 997-2 ,3
율하동 999 ,1
율하동 반야월로 106,1
율하동 반야월로16길 11,8
율하동 안심로22길 3,1
율하동 율하동로 111,2
율하동 율하동로21길 18-8,1
율하동 율하동로21길 74,1
율하동 율하동로23길 22,4
율하동 율하동로23길 30,2
율하동 율하동로23길 45,4
율하동 율하동로23길 53,2
율하동로,47
율하동로19길,1
율하동로20길,3
율하동로21길,2
율하동로23길,120
율하동로24길,68
율하동로28길,1
율하동로8길,1
율하서로,12
율하서로1길,2
율하안아주APT ,2
율하역엘크루아파트,155
율하역엘크루아파트 ,167
율하천서자전거길,8
율하초등학교,241
이노밸리로,34
이마트반야월점,813
이시아 더샵 3차아파트,917
이시아 더샾3차아파트,18
이시아 롯데아울렛 ,347
이시아 롯데아울렛 ,28
이시아강변로,12
이시아롯데아울렛,127
이안동대구APT ,113
이안동대구APT,63
이안센트럴,12
이안센트럴D,31
입석동 1006-61 ,1
입석동 1033-34 ,1
입석동 1033-6,1
입석동 1033-6 ,43
입석동 1034 ,1
입석동 1038,5
입석동 883-18 ,1
입석동 883-34 ,1
입석동 883-41 ,3
입석동 893-12 ,11
입석동 893-13 ,3
입석동 893-14 ,2
입석동 893-17 ,1
입석동 893-9 ,5
입석동 903-30 ,21
입석동 905 ,1
입석동 925-19 ,1
입석동 926-27 ,1
입석동 930-104 ,1
입석동 930-119,4
입석동 930-119 ,1
입석동 930-3 ,1
입석동 930-37 ,2
입석동 930-52 ,1
입석동 930-93 ,2
입석동 932-147 ,1
입석동 932-149 ,8
입석동 932-158 ,1
입석동 932-30 ,1
입석동 932-9 ,1
입석동 933-2 ,1
입석동 938-11 ,3
입석동 940-4 ,1
입석동 941-5 ,4
입석동 950-2 ,1
입석동 950-3 ,2
입석동 951 ,1
입석동 953 ,1
입석동 955-2 ,8
입석동 956-2 ,1
입석동 957-2 ,1
입석동 962-37 ,1
입석동 964-14 ,1
입석동 964-19 ,43
입석동 965-8 ,19
입석동 966-7 ,3
입석동 967-59 ,7
입석동 969-1 ,7
입석동 970-16 ,1
입석동 971-1 ,1
입석동 972-3 ,1
입석동 975-16 ,2
입석동 976-1 ,7
입석동 980-9 ,44
입석동 982-3 ,4
입석동 982-7 ,2
입석동 993-6 ,1
입석동 998-5 ,1
입석동 999-9 ,2
입석동 동촌로 20,1
입석동 동촌로 31-1,2
입석동 동촌로 42,13
입석동 아양로 295,2
입석로,3
입석초등학교,10
장등로,347
전문건설회관,50
중대동 386 ,1
중대동 389-2 ,2
중대동 533 ,1
중대동 534 ,1
중대동 665-2 ,1
중대동 697 ,5
중대동 산 45-4 ,1
중앙고속도로,1
중앙신체검사소 ,855
중앙신체검사소,445
지묘동 1322 ,1
지묘동 1324 ,2
지묘동 1328-4 ,1
지묘동 1328-5 ,2
지묘동 1332 ,17
지묘동 1332-4 ,6
지묘동 1346 ,4
지묘동 1351 ,1
지묘동 1354 ,4
지묘동 1354-3 ,9
지묘동 1358 ,1
지묘동 1360-5 ,1
지묘동 1360-7 ,2
지묘동 1371 ,1
지묘동 1375 ,4
지묘동 1376 ,5
지묘동 1380-1 ,6
지묘동 1381 ,10
지묘동 1385 ,1
지묘동 1386 ,2
지묘동 1388 ,1
지묘동 1396 ,1
지묘동 1396-3 ,1
지묘동 228-1 ,1
지묘동 234-1 ,2
지묘동 234-16 ,1
지묘동 247-7 ,3
지묘동 248-2 ,2
지묘동 269-1 ,1
지묘동 330-3 ,1
지묘동 341-1 ,1
지묘동 350-6,6
지묘동 506-2 ,2
지묘동 506-7 ,1
지묘동 59-1,4
지묘동 623-2 ,1
지묘동 649-6 ,2
지묘동 711-2 ,1
지묘동 725-1 ,1
지묘동 733-1 ,1
지묘동 733-12 ,1
지묘동 737 ,2
지묘동 90,1
지묘동 산 12-2,1
지묘동 산 12-5,3
지묘동 산 5-1,1
지묘동 산 52-7,1
지묘동 산 58-3 ,1
지묘초등학교,21
지식서비스센터 ,12
지저동 1010 ,1
지저동 168-1 ,1
지저동 173-1 ,2
지저동 173-5 ,1
지저동 192-2 ,1
지저동 198-3 ,1
지저동 370 ,2
지저동 372-1 ,1
지저동 400-5,3
지저동 400-5 ,194
지저동 431-2 ,1
지저동 445-2 ,2
지저동 445-4 ,2
지저동 447-5 ,1
지저동 460-12 ,1
지저동 465-28 ,2
지저동 465-59 ,4
지저동 666-1 ,2
지저동 666-2 ,10
지저동 668-1 ,23
지저동 668-11 ,1
지저동 668-13 ,1
지저동 668-14 ,3
지저동 668-15 ,9
지저동 668-7 ,1
지저동 669-43 ,1
지저동 669-60 ,6
지저동 670-16 ,25
지저동 670-21 ,6
지저동 670-38 ,2
지저동 671-6 ,1
지저동 672-11 ,3
지저동 675-5 ,1
지저동 679-2 ,3
지저동 691-2 ,2
지저동 691-4 ,1
지저동 694-3 ,1
지저동 694-40 ,7
지저동 694-6 ,1
지저동 694-9 ,9
지저동 696-40 ,1
지저동 705 ,1
지저동 706 ,58
지저동 757-5 ,1
지저동 757-9 ,1
지저동 760-4 ,14
지저동 760-9 ,1
지저동 761-1 ,3
지저동 761-30 ,62
지저동 761-31 ,3
지저동 761-49 ,3
지저동 764-1 ,1
지저동 764-4 ,1
지저동 766-9 ,13
지저동 768 ,1
지저동 768-12 ,11
지저동 768-18 ,4
지저동 768-6 ,1
지저동 770-3 ,10
지저동 786 ,1
지저동 795-2 ,1
지저동 795-31 ,1
지저동 795-60 ,2
지저동 815-8 ,1
지저동 817-7 ,1
지저동 833-15 ,6
지저동 835-2 ,3
지저동 835-5 ,2
지저동 835-7 ,1
지저동 838-6 ,5
지저동 838-7 ,5
지저동 838-9 ,9
지저동 849-9 ,1
지저동 851-2 ,2
지저동 872-1 ,2
지저동 872-9 ,3
지저동 881-8,1
지저동 886-1 ,13
지저동 886-11 ,1
지저동 907 ,3
지저동 907-1 ,3
지저동 932 ,1
지저동 980-9 ,1
지저동 공항로 221,2
지저동 해동로 91,2
지저동 해동로 97-1,1
지저동 해동로7길 5-1,8
진인동 1050-2 ,1
진인동 123-27 ,1
진인동 607,1
진인동 612,4
진인동 630-1 ,1
진인동 산 182-1,2
진인동 팔공로 1177,1
첨단로,3
첨단로8길,142
축협,5
칼라디움 ,165
칼라디움,25
코스트코,120
코오롱하늘채,10
코오롱하늘채,12
퀸벨호텔 ,66
큰고개 오거리,193
큰고개로,218
큰고개역 ,16
큰고개역,81
타임스케어 ,459
타임스퀘어 ,79
태왕아너스 ,359
파계로,4
파계로 46,1
파계로6길,15
팔공로,70
팔공로 227,1
팔공로 274,1
팔공로101길,11
팔공로24길,3
팔공로25길,46
팔공로30길,44
팔공로32길,28
팔공로36길,2
팔공로45길,88
팔공로47길,271
팔공로47길 15,2
팔공로49길,5
팔공로49길 16,1
팔공로50길,37
팔공로51길,657
팔공로51길 15-8,4
팔공로51길 21-1,3
팔공로51길 23-1,5
팔공로51길 31-10,5
팔공로53길,6
팔공로53길 77-1,2
팔공로53길 77-2,1
팔공초등학교,8
평화로,6
평화시장,70
한국폴리텍대학,11
한국폴리텍대학섬유캠퍼,22
해동로,91
해링턴플레이스,9
해모로스퀘어이스트,24
해서초등학교,52
해안초등학교,16
혁신대로,46
혁신대로 102,3
혁신대로 104,1
혁신대로 92,1
혁신대로 94,2
혁신대로 96,1
현대시티 아울렛 ,140
현대시티 아울렛 ,1628
현대자동차신대리점,10
현대차동신대리점,2
호반길,7
화랑로,47
화랑로 365 ,1
화랑로100길,82
화랑로11길,30
화랑로12길,1
화랑로17길,1
화랑로25길,252
화랑로27길,6
화랑로29길,7
화랑로35길,1
화랑로37길,2
화랑로75길,228
화랑로80길,1
화랑로88길,4
화랑로91길,1
화랑로93길,1
화랑로9길,69
효동로,13
효동로15길,8
효동로6길,1
효동초등학교,126
효목동  202-23 ,1
효목동  545 ,1
효목동 1000-13 ,1
효목동 1008 ,1
효목동 1010-17 ,1
효목동 1010-8 ,1
효목동 1013-3 ,1
효목동 1015-16 ,1
효목동 1016-8 ,1
효목동 1017 ,1
효목동 1021 ,1
효목동 1023 ,1
효목동 1024-1 ,2
효목동 1025 ,2
효목동 1027-1 ,1
효목동 1060 ,3
효목동 1060-7 ,1
효목동 1061 ,1
효목동 1062 ,4
효목동 1062-1 ,1
효목동 1062-7 ,1
효목동 1065 ,10
효목동 1084 ,6
효목동 1086-1 ,1
효목동 1088-2 ,1
효목동 1105 ,3
효목동 1107 ,4
효목동 1107-2 ,6
효목동 1107-7 ,1
효목동 1116-1 ,2
효목동 1159 ,1
효목동 1160 ,2
효목동 1184-1 ,1
효목동 1221-1 ,1
효목동 125-3 ,2
효목동 125-45 ,1
효목동 1264-2 ,2
효목동 1264-4 ,2
효목동 132-35 ,3
효목동 136-10 ,4
효목동 140-10 ,6
효목동 141-23 ,1
효목동 143-42 ,1
효목동 143-43 ,1
효목동 143-78 ,1
효목동 146-114 ,1
효목동 146-88 ,2
효목동 160-102 ,1
효목동 160-123 ,1
효목동 160-2 ,2
효목동 160-4 ,1
효목동 160-5 ,2
효목동 160-71 ,1
효목동 162-1 ,1
효목동 162-3 ,2
효목동 162-35 ,1
효목동 163-33 ,3
효목동 164-12 ,2
효목동 164-16 ,1
효목동 165-1 ,1
효목동 166-1 ,1
효목동 166-3 ,1
효목동 172-1 ,1
효목동 173-17 ,1
효목동 173-18 ,1
효목동 182-15 ,2
효목동 196-14 ,1
효목동 196-3 ,1
효목동 196-46 ,1
효목동 197-5 ,2
효목동 199-16 ,1
효목동 199-19 ,1
효목동 201-6 ,4
효목동 202-4 ,6
효목동 202-5 ,2
효목동 203-3 ,15
효목동 205 ,1
효목동 212 ,2
효목동 212-10,1
효목동 212-10 ,4
효목동 273-4 ,2
효목동 273-8 ,17
효목동 275-2 ,2
효목동 276-1 ,1
효목동 276-2 ,2
효목동 277-1 ,11
효목동 279-6 ,4
효목동 280-9 ,1
효목동 282-1 ,1
효목동 283-3 ,2
효목동 288 ,14
효목동 288-2 ,7
효목동 290-4 ,14
효목동 291-1 ,4
효목동 291-11 ,2
효목동 291-13 ,1
효목동 291-5 ,1
효목동 291-6 ,1
효목동 291-9 ,5
효목동 293-6 ,1
효목동 298-10,1
효목동 3-11 ,7
효목동 3-17 ,1
효목동 337 ,2
효목동 337-1 ,1
효목동 348-15 ,1
효목동 348-17 ,1
효목동 354-1 ,1
효목동 357-1 ,1
효목동 371-5 ,2
효목동 380-9 ,5
효목동 383-5 ,4
효목동 386-1 ,2
효목동 387 ,3
효목동 387-16 ,9
효목동 390 ,2
효목동 398 ,1
효목동 399 ,2
효목동 400-1 ,2
효목동 410-14 ,2
효목동 45-2 ,2
효목동 453-2 ,1
효목동 453-3 ,1
효목동 453-4 ,5
효목동 455-2 ,4
효목동 46-1 ,10
효목동 46-11 ,5
효목동 46-7 ,4
효목동 46-9 ,2
효목동 461-5 ,5
효목동 466-3 ,2
효목동 469-4 ,8
효목동 47-1 ,3
효목동 497-1 ,3
효목동 497-14 ,5
효목동 497-9 ,1
효목동 499 ,1
효목동 508-2 ,2
효목동 510-3 ,3
효목동 510-4 ,6
효목동 512-4 ,1
효목동 513 ,9
효목동 517-1 ,4
효목동 517-3 ,4
효목동 518-1 ,4
효목동 518-15 ,1
효목동 518-2 ,3
효목동 520-3 ,1
효목동 522 ,1
효목동 525-2 ,1
효목동 526-1 ,1
효목동 526-2 ,10
효목동 526-3 ,7
효목동 530-5 ,1
효목동 531-1 ,1
효목동 531-3 ,1
효목동 532 ,3
효목동 532-2 ,5
효목동 534-1 ,1
효목동 535 ,6
효목동 537-1 ,2
효목동 54-1,1
효목동 54-1 ,5
효목동 54-3 ,3
효목동 54-5 ,1
효목동 543-1 ,10
효목동 544 ,11
효목동 545 ,13
효목동 549-1 ,25
효목동 55 ,19
효목동 55-10 ,1
효목동 55-11 ,5
효목동 55-12 ,7
효목동 55-7 ,7
효목동 55-8 ,3
효목동 550 ,16
효목동 551-3,1
효목동 551-3 ,46
효목동 553-3 ,11
효목동 557-2 ,14
효목동 558-2 ,34
효목동 559-1 ,17
효목동 560-1 ,1
효목동 560-2 ,28
효목동 561-1 ,2
효목동 563 ,10
효목동 564-1 ,2
효목동 568-1 ,3
효목동 569 ,1
효목동 580,1
효목동 587-2 ,27
효목동 588-1 ,2
효목동 589 ,14
효목동 597-3 ,4
효목동 604 ,1
효목동 605 ,10
효목동 605-1 ,9
효목동 613-1 ,1
효목동 615-1 ,2
효목동 616-6 ,1
효목동 617-6 ,2
효목동 621-6 ,17
효목동 621-6  ,1
효목동 623-1 ,2
효목동 623-20 ,1
효목동 623-8 ,3
효목동 624 ,160
효목동 624  ,1
효목동 625-10 ,2
효목동 625-7 ,1
효목동 626 ,120
효목동 626  ,2
효목동 627-16 ,1
효목동 627-17 ,1
효목동 627-27 ,1
효목동 628-1 ,1
효목동 630 ,1
효목동 637-1 ,32
효목동 639 ,33
효목동 64-6 ,1
효목동 64-7 ,1
효목동 640-1 ,18
효목동 644-4 ,4
효목동 646-2 ,1
효목동 647,1
효목동 647 ,3
효목동 66-1 ,1
효목동 75-20 ,1
효목동 80-1 ,1
효목동 80-11 ,2
효목동 80-2 ,2
효목동 82-17 ,1
효목동 83-1 ,4
효목동 88-3 ,1
효목동 88-5 ,2
효목동 90-1 ,1
효목동 956-1 ,1
효목동 956-2 ,1
효목동 956-7 ,3
효목동 957-12 ,10
효목동 958-15 ,6
효목동 958-16 ,2
효목동 958-18 ,1
효목동 958-22 ,1
효목동 958-23 ,21
효목동 958-31 ,1
효목동 958-4 ,2
효목동 958-51 ,1
효목동 958-6 ,9
효목동 959-3 ,2
효목동 960-4 ,1
효목동 961-1 ,2
효목동 962-6 ,3
효목동 962-7 ,5
효목동 964 ,3
효목동 965 ,1
효목동 976 ,2
효목동 976-4 ,1
효목동 976-5 ,1
효목동 977-1 ,1
효목동 977-2 ,1
효목동 981 ,3
효목동 982 ,12
효목동 984 ,2
효목동 986 ,1
효목동 동부로 234,8
효목동 산 234-91 ,2
효목동 아양로 190,5
효목동 아양로 218,3
효목동 아양로 228-4,5
효목동 아양로40길 42,4
효목동 화랑로 103,1
효목동 화랑로 177,1
효목동 효동로 123-2,1
효목동 효목로 10,1
효목로,154
효목로17길,67
효목로19길,120
효목로5길,1
효목지하차도 ,56
효목초등학교,7
효서로,131
효서로2길,5
효신로,210
효신로16길,234
효신로6길,21
효신로8길,1
효신초등학교,138
휴먼시아 5단지 ,2
휴먼시아 7단지 ,80
휴먼시아15단지,205
휴먼시아15단지 ,430
